Workbook

Sheet data
A1: center_id | B1: center_name | C1: center_island
A2: 3 | B2: Shamrock - Pagbilao | C2: =VLOOKUP(A2, island!$A:$C, 3, 0) -> Luzon
A3: 26 | B3: Rav-F - Pagadian | C3: =VLOOKUP(A3, island!$A:$C, 3, 0) -> Mindanao
A4: 27 | B4: Ink ni Juan – Antimonan | C4: =VLOOKUP(A4, island!$A:$C, 3, 0) -> Luzon
A5: 31 | B5: E Core – Pagbilao | C5: =VLOOKUP(A5, island!$A:$C, 3, 0) -> Luzon
A6: 34 | B6: Thinker Thoughts - Naga City | C6: =VLOOKUP(A6, island!$A:$C, 3, 0) -> Luzon
A7: 41 | B7: Ryzen's Hub 3 - Pagadian | C7: =VLOOKUP(A7, island!$A:$C, 3, 0) -> Mindanao
A8: 47 | B8: Celine Via - Roxas City | C8: =VLOOKUP(A8, island!$A:$C, 3, 0) -> Visayas
A9: 53 | B9: WINSYLAV - Lucena | C9: =VLOOKUP(A9, island!$A:$C, 3, 0) -> Luzon
A10: 60 | B10: Reyna's Training Center - Pagadian City | C10: =VLOOKUP(A10, island!$A:$C, 3, 0) -> Mindanao
A11: 62 | B11: Sophie J - Valencia City | C11: =VLOOKUP(A11, island!$A:$C, 3, 0) -> Mindanao
A12: 66 | B12: WeTalk - Zamboanga City | C12: =VLOOKUP(A12, island!$A:$C, 3, 0) -> Mindanao
A13: 82 | B13: Uno Internet - Southern Leyte | C13: =VLOOKUP(A13, island!$A:$C, 3, 0) -> Visayas
... A119: 354 | B119: VietPhil Language Academy - Kalibo | C119: =VLOOKUP(A119, island!$A:$C, 3, 0) -> Visayas

Sheet island
A1: Center Id | B1: TPCAP Center | C1: Island
A2: 2 | B2: Apeiros - Lucena | C2: Luzon
A3: 3 | B3: Shamrock - Pagbilao | C3: Luzon
A4: 22 | B4: YJJM - La Trinidad | C4: Luzon
A5: 23 | B5: Prime English - Lucena | C5: Luzon
A6: 24 | B6: AB Outsourcing - General Santos | C6: Mindanao
A7: 25 | B7: Brilliant Minds - Cebu | C7: Visayas
A8: 26 | B8: Rav-F - Pagadian | C8: Mindanao
A9: 27 | B9: Ink ni Juan – Antimonan | C9: Luzon
A10: 28 | B10: PCOET 1 – Roxas City | C10: Visayas
A11: 29 | B11: PCOET 2 – Roxas City | C11: Visayas
A12: 30 | B12: TPTOE - Lucena | C12: Luzon
A13: 31 | B13: E Core – Pagbilao | C13: Luzon
... A36: 55 | B36: PCOET 3 - Roxas City | C36: Visayas
A37: 56
A38: 57
A39: 58
A40: 59
A41: 60 | B41: Reyna's Training Center - Pagadian City | C41: Mindanao
A42: 61 | B42: MediaBiz - Carmona | C42: Luzon
A43: 62 | B43: Sophie J - Valencia City | C43: Mindanao
A44: 63 | B44: MAFC - Davao City | C44: Mindanao
A45: 64 | B45: Brilliant Minds 2 - Cebu | C45: Visayas
A46: 65 | B46: Stacey Cafe - Bulacan | C46: Luzon
A47: 66 | B47: WeTalk - Zamboanga City | C47: Mindanao
A48: 67 | B48: NJRC Technical - Pagadian City | C48: Mindanao
A49: 68 | B49: DOR Solutions - Zamboanga del Norte | C49: Mindanao
A50: 69
A51: 70 | B51: Prime English II - Sariaya | C51: Luzon
A52: 71
A53: 72
A54: 73 | B54: Airclasshub Coworking Space - Bukidnon | C54: Mindanao
A55: 74 | B55: JayComshop - Tayabas City | C55: Luzon
A56: 75
A57: 76 | B57: Oxwow Tutorial - Baguio City | C57: Luzon
A58: 77 | B58: IDream English - Iloilo City | C58: Visayas
A59: 78 | B59: Iteach86-Iloilo | C59: Visayas
A60: 79 | B60: KAEDEE'S COWORKING SPACE - Zamboanga del Sur | C60: Mindanao
A61: 80 | B61: E-Sparta Gaming | C61: Mindanao
A62: 81 | B62: 1109 Dynamics Software - Cebu | C62: Visayas
A63: 82 | B63: Uno Internet - Southern Leyte | C63: Visayas
A64: 83 | B64: Victorem - PCOET Antique | C64: Visayas
A65: 84 | B65: GOG Internet - Palo Leyte | C65: Visayas
A66: 85 | B66: Mindbiz Tutorial - Nasugbu, Batangas | C66: Luzon
A67: 86 | B67: Ria Internet Shop - Kabankalan City | C67: Visayas
A68: 87 | B68: Sophie J2 - Valencia | C68: Mindanao
... A111: 130 | B111: RMJ Tutorial - Bacolod City | C111: Visayas
A112: 131 | B112: Neonate's-Internet Cafe | C112: #N/A
A113: 132 | B113: Let's Talk - Bacolod City | C113: Visayas
A114: 133 | B114: Porac Online Tutorial Services - Pampanga | C114: Luzon
A115: 134 | B115: EWJ Internet Cafe- Malaybalay City | C115: Mindanao
A116: 135 | B116: PaalmTalk Online - Bacolod City | C116: Visayas
A117: 136 | B117: Awesome Kids - Roxas City | C117: Visayas
A118: 137 | B118: CGG Teaching - Maramag | C118: Mindanao
A119: 138 | B119: WeConnect Online Tutorial services- Albay | C119: #N/A
A120: 139 | B120: AdvenTech - Urdaneta City | C120: Luzon
A121: 140 | B121: KZ Training - Pagadian | C121: Mindanao
A122: 141 | B122: 3nity Online - Roxas City | C122: Visayas
A123: 142 | B123: Wired Cyber Cafe - 51Talk | C123: Mindanao
A124: 143 | B124: Mariveles Online - Mariveles Bataan | C124: Luzon
A125: 144 | B125: Quick 5hift - Batangas City | C125: Luzon
A126: 145 | B126: Innova8 - Bacolod City | C126: Visayas
A127: 146 | B127: iLearning Online - Capiz | C127: Visayas
A128: 147 | B128: Parts Pisonet - Koronadal City | C128: Mindanao
A129: 148 | B129: Microchip Internet - Zamboanga del Sur | C129: Mindanao
A130: 149 | B130: MJ Siglos Coworkspace Bistro- Bacolod | C130: Visayas
A131: 150 | B131: Move English - Calapan | C131: Luzon
... A137: 156 | B137: JBR Virtual - South Cotabato | C137: Mindanao
A138: 157
A139: 158
A140: 159 | B140: Hager Phils - Davao Oriental | C140: Mindanao
A141: 160 | B141: SLS Virtual - Davao City | C141: Mindanao
A142: 161 | B142: Tech Geek IT Solutions - Meycauayan City | C142: Luzon
A143: 162 | B143: Pines English Learning Center - Baguio City | C143: Luzon
A144: 163 | B144: Airclasshub 2 - Malaybalay | C144: Mindanao
A145: 164 | B145: OnEd - Davao City | C145: Mindanao
A146: 165 | B146: TC IT SERVICES - Dipolog City | C146: Mindanao
A147: 166 | B147: J. Mercado Enterprises - Malaybalay | C147: Mindanao
A148: 167 | B148: Upskill Coworking Space - Bulacan | C148: Luzon
A149: 168 | B149: Excellere English Training Center- Silang Cavite | C149: Luzon
A150: 169 | B150: Gold En Dragon Online Tutorial Services - Batangas | C150: Luzon
A151: 170 | B151: EYECOM InfoTech Solutions - South Cotabato | C151: Mindanao
A152: 171 | B152: MoussyTalk Tutorial Center 2 - Candelaria | C152: #N/A
A153: 172 | B153: Apeiros 2 - Liliw Laguna | C153: Luzon
A154: 173 | B154: Avo Learning - Calamba | C154: Luzon
A155: 174 | B155: BNC - Zamboanga del Sur | C155: Mindanao
A156: 175 | B156: Talk to Us - Angeles | C156: #N/A
A157: 176 | B157: Data Link Online Tutorial Services - Tangub | C157: Mindanao
A158: 177 | B158: Rank 1 Tutorial Center - Pagadian City | C158: Mindanao
A159: 178 | B159: Millenium Computer - Iloilo | C159: Visayas
A160: 179 | B160: G Portal - Zamboanga Del Sur | C160: Mindanao
A161: 180 | B161: One Word - Cavite | C161: Luzon
A162: 181 | B162: Mackarn Internet - San Juan Batangas | C162: Luzon
A163: 182 | B163: Neo Global Solutions Inc. - Dapitan | C163: Mindanao
A164: 183 | B164: TeachSpace - Bukidnon | C164: Mindanao
A165: 184 | B165: Virtual Education - Valencia City | C165: Mindanao
A166: 185 | B166: Liraj Global - Bataan | C166: Luzon
A167: 186 | B167: Tiktalk - Bohol | C167: Visayas
A168: 187 | B168: SLS Virtual 2 - Davao City | C168: Mindanao
... A191: 210 | B191: Biggietalk- Lucban | C191: Luzon
...
